"","165","166","167","168","169","170","171","172","173","174","175","176","177","178","179","180","181","182","183","184","185","186","187","188","189","190","191","192","193","194","195","196","197","198","199","200","201","202","203","204","205","206","207","208","209","210","211","212","213","214","215","216","217","218","219","220","221","222","223","224","225","226","227","228","229","230","231","232","233","234","235","236","237","238","239","240","241","242","243","244","245","246","247","248","249","250","251","252","253","254"
"1980",NA,NA,NA,NA,NA,NA,492,521.258064516129,523.4,520.265306122449,524.677419354839,527.375,527.543209876543,517.018518518518,518.308740068104,513.594046865104,511.69038701623,510.479302188054,509.63359126081,510.093320790216,511.255383225418,510.665815675262,511.708470847085,511.95788964182,512.321138211382,512.302557563939,511.682419530824,511.705167562036,511.910016674607,511.829431253451,511.797246234277,511.727726574501,511.840336518678,511.832822154065,511.704647414957,511.686747500532,511.772412074908,511.72664019973,511.802698553769,511.860402042119,511.898482346465,511.967509590543,512.027149321267,512.059830389792,512.059830389792,512.134894177843,512.193331789766,512.245732738736,512.295130914102,512.341089411047,512.341089411047,512.341089411047,512.341089411047,512.341089411047,512.341089411047,512.341089411047,512.341089411047,512.341089411047,512.341089411047,512.341089411047,512.341089411047,512.341089411047,512.341089411047,512.341089411047,512.341089411047,512.341089411047,512.341089411047,512.341089411047,512.341089411047,512.341089411047,512.341089411047,512.341089411047,512.341089411047,512.341089411047,512.341089411047,512.341089411047,512.341089411047,512.341089411047,512.341089411047,512.341089411047,512.341089411047,512.341089411047,512.341089411047,512.341089411047,512.341089411047,512.341089411047,512.341089411047,512.341089411047,512.341089411047,512.341089411047
"1981",NA,NA,NA,509.066666666667,514.671875,514.671875,520.423529411765,521.632653061224,522.841726618705,520.398496240602,524.927536231884,526.862290862291,526.719183673469,527.202908129544,527.136509635974,526.622497616778,526.0579181855,526.381081081081,526.643052555796,526.265732484076,526.728856291543,527.413991280222,527.497460087083,527.672863070539,527.85895308493,528.156368754398,528.714638585543,528.940600198413,529.269123459661,529.181609195402,529.470287113287,529.644437215355,529.857961783439,529.929385919029,530.038893510815,530.062137531069,530.066281230642,530.116077792485,530.188477449299,530.219156168766,530.270423375075,530.278864290678,530.287938901012,530.351319417093,530.377579966742,530.481463649494,530.506441454337,530.515680106758,530.523705255141,530.52396804261,530.52396804261,530.52396804261,530.52396804261,530.52396804261,530.52396804261,530.52396804261,530.52396804261,530.52396804261,530.52396804261,530.52396804261,530.52396804261,530.52396804261,530.52396804261,530.52396804261,530.52396804261,530.52396804261,530.52396804261,530.52396804261,530.52396804261,530.52396804261,530.52396804261,530.52396804261,530.52396804261,530.52396804261,530.52396804261,530.52396804261,530.52396804261,530.52396804261,530.52396804261,530.52396804261,530.52396804261,530.52396804261,530.52396804261,530.52396804261,530.52396804261,530.52396804261,530.52396804261,530.52396804261,530.52396804261,530.52396804261
"1982",NA,NA,NA,NA,NA,NA,NA,NA,NA,523.1,532.480769230769,530.335664335664,530.572769953052,533.423423423423,530.908096280088,521.592137592138,522.505164319249,520.561085972851,518.586297760211,518.765033407572,519.284951024043,518.631412786109,517.386873350923,516.129076838032,515.069336384439,514.828724885618,514.558073148974,514.453938802083,514.590555799971,514.02565480188,513.820135601893,513.340022296544,513.274491017964,513.008823870893,513.009364774907,512.782945736434,512.869179837676,512.992610577431,512.942712110225,513.135314542484,513.179427294882,513.464289291796,513.485157421289,513.492249602544,513.393623302499,513.4478515625,513.371150097466,513.334984941222,513.334984941222,513.335562663565,513.356314059176,513.335807944466,513.335807944466,513.263888888889,513.282970183486,513.339333333333,513.339333333333,513.339333333333,513.339333333333,513.339333333333,513.339333333333,513.339333333333,513.339333333333,513.339333333333,513.339333333333,513.339333333333,513.339333333333,513.339333333333,513.339333333333,513.339333333333,513.339333333333,513.339333333333,513.339333333333,513.339333333333,513.339333333333,513.339333333333,513.339333333333,513.339333333333,513.339333333333,513.339333333333,513.339333333333,513.339333333333,513.339333333333,513.339333333333,513.339333333333,513.339333333333,513.339333333333,513.339333333333,513.339333333333,513.339333333333
"1983",NA,NA,NA,509.666666666667,509.666666666667,530.214285714286,527.593333333333,528.685823754789,528.439093484419,528.575956284153,528.568872987478,527.934931506849,523.378250591017,521.111610006414,519.780537877233,519.360622065728,519.097145598465,518.209485368315,518.722862549458,518.07248401088,517.450435234507,516.821637596338,517.068115786076,516.799860321261,516.910513717547,517.36770993672,517.351692157501,517.508521102596,517.942569032818,517.933861427237,518.186215115702,518.246738028883,518.216742554763,518.415966894219,518.432394700885,518.605231353591,518.681714740855,518.726600985222,518.76300920956,518.779338889515,518.805546190155,518.847532249019,518.86291361066,518.890344018765,518.935576334391,518.947601045199,518.966422262956,518.996587314799,518.996587314799,519.037665356728,519.037665356728,519.037665356728,519.037665356728,519.037665356728,519.037665356728,519.037665356728,519.037665356728,519.037665356728,519.037665356728,519.037665356728,519.037665356728,519.037665356728,519.037665356728,519.037665356728,519.037665356728,519.037665356728,519.037665356728,519.037665356728,519.037665356728,519.037665356728,519.037665356728,519.037665356728,519.037665356728,519.037665356728,519.037665356728,519.037665356728,519.037665356728,519.037665356728,519.037665356728,519.037665356728,519.037665356728,519.037665356728,519.037665356728,519.037665356728,519.037665356728,519.037665356728,519.037665356728,519.037665356728,519.037665356728,519.037665356728
"1984",NA,NA,NA,NA,NA,481.666666666667,502.204081632653,509.768115942029,505.747330960854,507.356164383562,515.100763358779,501.441988950276,497.714285714286,496.035346097202,495.386055776892,495.386515353805,495.469548667754,495.272221076511,494.443968726731,495.408844765343,494.778284923928,494.391873364078,495.389682626241,496.225706271288,496.640500362582,497.242536392795,498.037295144739,498.456253124777,498.801241830065,499.345537340619,499.961520869068,500.329030858506,500.5056686962,500.610590631365,500.661899086214,500.477969720497,500.410271041369,500.447358561259,500.554994860293,500.514813105676,500.531019978969,500.460275830884,500.45021625719,500.467890725968,500.492764593259,500.562475014436,500.598864795353,500.613752159851,500.619405958125,500.646335530099,500.656516551023,500.656516551023,500.656516551023,500.656516551023,500.656516551023,500.656516551023,500.656516551023,500.656516551023,500.656516551023,500.656516551023,500.656516551023,500.656516551023,500.656516551023,500.656516551023,500.656516551023,500.656516551023,500.656516551023,500.656516551023,500.656516551023,500.656516551023,500.656516551023,500.656516551023,500.656516551023,500.656516551023,500.656516551023,500.656516551023,500.656516551023,500.656516551023,500.656516551023,500.656516551023,500.656516551023,500.656516551023,500.656516551023,500.656516551023,500.656516551023,500.656516551023,500.656516551023,500.656516551023,500.656516551023,500.656516551023
"1985",NA,NA,NA,NA,530.7,523.120603015075,512.987951807229,508.384288747346,508.384288747346,508.384288747346,508.562753036437,508.594433399602,508.321880650995,514.513935810811,513.125267665953,515.159510618652,515.285199738049,514.132296255507,513.728303633418,513.702667468913,513.095358863809,513.220213943194,513.523852075887,514.125007633588,513.925170068027,512.829316621354,512.904547835196,512.852696344553,512.900011226285,512.565435168739,512.880588216029,512.720569417786,512.742104606167,512.725184248666,512.62305400146,512.511285191188,512.363510650818,512.34340152779,512.236762831653,512.030653853831,512.022979130337,512.052145104262,511.992239528868,511.967019510735,511.938483237496,511.926953842828,511.931604791712,511.904162971324,511.892566191446,511.884021861437,511.884021861437,511.887755648356,511.887755648356,511.887755648356,511.887755648356,511.887755648356,511.887755648356,511.887755648356,511.887755648356,511.887755648356,511.887755648356,511.887755648356,511.887755648356,511.887755648356,511.887755648356,511.887755648356,511.887755648356,511.887755648356,511.887755648356,511.887755648356,511.887755648356,511.887755648356,511.887755648356,511.887755648356,511.887755648356,511.887755648356,511.887755648356,511.887755648356,511.887755648356,511.887755648356,511.887755648356,511.887755648356,511.887755648356,511.887755648356,511.887755648356,511.887755648356,511.887755648356,511.887755648356,511.887755648356,511.887755648356
"1986",NA,NA,506.444444444444,504.7,507,519.816326530612,528.395833333333,531.047619047619,528.348754448399,527.652027027027,526.307189542484,517.78364116095,515.154822335025,511.959363957597,517.906291834003,516.108205590622,516.183296378418,513.937425506555,509.531523239761,512.253750646663,514.711209276643,513.806775407779,515.011144227031,515.19916337439,515.732516750419,516.789410791433,518.732465543645,519.238675010203,519.757642470751,520.231721628917,521.043183878019,521.743154107535,521.842115487349,521.926462948094,521.87078915267,521.780934666357,521.721737121737,521.654716722301,521.632428765265,521.547292160458,521.529671407553,521.48260541165,521.457578308449,521.411871218478,521.358448192347,521.299969256445,521.299969256445,521.299969256445,521.299969256445,521.299969256445,521.299969256445,521.299969256445,521.299969256445,521.299969256445,521.299969256445,521.299969256445,521.299969256445,521.299969256445,521.299969256445,521.299969256445,521.299969256445,521.299969256445,521.299969256445,521.299969256445,521.299969256445,521.299969256445,521.299969256445,521.299969256445,521.299969256445,521.299969256445,521.299969256445,521.299969256445,521.299969256445,521.299969256445,521.299969256445,521.299969256445,521.299969256445,521.299969256445,521.299969256445,521.299969256445,521.299969256445,521.299969256445,521.299969256445,521.299969256445,521.299969256445,521.299969256445,521.299969256445,521.299969256445,521.299969256445,521.299969256445
"1987",NA,NA,600,550.666666666667,532.2,532.2,532.2,501.702127659574,511.880658436214,512.484251968504,511.327645051195,511.160337552743,512.453453453453,516.465020576132,514.889626980072,515.020346646571,516.221950556914,514.347785285285,515.407305685251,514.341766052283,515.312022995341,514.722917245853,514.602130492676,514.781662609722,514.356878088962,514.718028732925,514.959864014613,514.87719554323,514.536062199863,514.745140743785,514.473260449146,514.343020006706,514.338300399525,514.235164527748,513.994097376233,513.791254485094,513.78037166854,513.706216163329,513.6149108174,513.545963127781,513.489786283088,513.47209200575,513.474199950385,513.413920542039,513.374831433125,513.360606616523,513.364179832855,513.389358982163,513.37825346631,513.379517706372,513.378458737864,513.378458737864,513.378458737864,513.378458737864,513.378458737864,513.378458737864,513.378458737864,513.378458737864,513.378458737864,513.378458737864,513.378458737864,513.378458737864,513.378458737864,513.378458737864,513.378458737864,513.378458737864,513.378458737864,513.378458737864,513.378458737864,513.378458737864,513.378458737864,513.378458737864,513.378458737864,513.378458737864,513.378458737864,513.378458737864,513.378458737864,513.378458737864,513.378458737864,513.378458737864,513.378458737864,513.378458737864,513.378458737864,513.378458737864,513.378458737864,513.378458737864,513.378458737864,513.378458737864,513.378458737864,513.378458737864
"1988",NA,NA,NA,530.5,531.215189873418,531.31875,531.31875,531.262345679012,526.093846153846,526.093846153846,528.109075770191,528.162999185004,521.338566552901,515.380808080808,516.171410499684,516.175785482124,517.337944664032,516.202084184716,516.764763618518,516.411859208412,516.651499118166,516.101366630616,516.080530973451,516.681634003142,517.359148550725,517.085823865692,517.732769830949,517.799435678913,518.042326055469,517.701074536879,518.319391634981,518.771268026249,518.83899578523,518.754519539566,518.916082726716,518.876421608448,518.833105015203,518.833996155631,518.82986065466,518.860889990865,518.871089955314,518.836266135765,518.842521947326,518.868160864727,518.909275279653,518.890105369743,518.884287608106,518.853039370079,518.853039370079,518.853039370079,518.853039370079,518.853039370079,518.853039370079,518.853039370079,518.853039370079,518.853039370079,518.853039370079,518.853039370079,518.853039370079,518.853039370079,518.853039370079,518.853039370079,518.853039370079,518.853039370079,518.853039370079,518.853039370079,518.853039370079,518.853039370079,518.853039370079,518.853039370079,518.853039370079,518.853039370079,518.853039370079,518.853039370079,518.853039370079,518.853039370079,518.853039370079,518.865541986655,518.865541986655,518.865541986655,518.865541986655,518.865541986655,518.865541986655,518.865541986655,518.865541986655,518.865541986655,518.865541986655,518.865541986655,518.865541986655,518.865541986655
"1989",530.884210526316,530.884210526316,530.884210526316,530.802083333333,530.345177664975,534.473225404732,533.118548387097,531.335286458333,530.08614402917,530.554044380816,529.815221117587,529.32463672391,528.114994363021,528.768353670734,526.08327192336,523.672102504368,522.918604651163,521.737968366743,520.709418977289,518.810297946196,518.868626758788,519.220985049163,519.134485410174,518.428023549201,517.803310736245,517.999576247246,516.947530385312,516.93888915791,516.710995836144,515.863621879979,515.825746695806,515.68778780993,515.270916103025,515.216186546542,515.143802080446,515.034937676281,514.961669829222,514.840634088543,514.756151048353,514.715696391716,514.63439262914,514.572731907114,514.583741550347,514.592863533498,514.514945058785,514.511967736867,514.511860501649,514.511860501649,514.510198384311,514.502310092927,514.503911626853,514.501001550226,514.501001550226,514.501001550226,514.501001550226,514.501001550226,514.501001550226,514.501001550226,514.501001550226,514.501001550226,514.501001550226,514.501001550226,514.501001550226,514.501001550226,514.501001550226,514.501001550226,514.501001550226,514.501001550226,514.497639907338,514.497039049709,514.497039049709,514.497039049709,514.497039049709,514.497039049709,514.497039049709,514.497039049709,514.497039049709,514.497039049709,514.497039049709,514.497039049709,514.497039049709,514.497039049709,514.497039049709,514.497039049709,514.497039049709,514.497039049709,514.497039049709,514.497039049709,514.497039049709,514.497039049709
"1990",NA,NA,NA,NA,NA,508.333333333333,504.227272727273,511.196636481242,511.617760617761,511.568441064639,510.476722532588,510.379373848987,509.428571428571,506.522865853659,506.195683453237,502.850212249848,503.232018561485,501.132656201908,500.568046660567,500.567025485325,500.343757047283,500.435248940678,500.021109082611,498.597896440129,497.978174516566,497.447631621059,497.229020850217,497.219431410433,497.08864115505,496.705363101377,496.714241311105,496.252046531667,496.11410664802,495.82256964615,495.499099943284,495.013682460916,494.88204111846,494.881305496703,494.788293307413,494.764176502462,494.718448198886,494.686826920831,494.752904743055,494.788424034175,494.823034878874,494.751290203668,494.749712100972,494.748170479127,494.751017217995,494.753725004018,494.772638764804,494.77585851884,494.78233424056,494.781804480373,494.781804480373,494.781804480373,494.781804480373,494.781804480373,494.781804480373,494.781804480373,494.781804480373,494.781804480373,494.781804480373,494.781804480373,494.781804480373,494.781804480373,494.781804480373,494.781804480373,494.781804480373,494.781804480373,494.781804480373,494.781804480373,494.781804480373,494.781804480373,494.781804480373,494.781804480373,494.781804480373,494.781804480373,494.781804480373,494.781804480373,494.781804480373,494.781804480373,494.781804480373,494.781804480373,494.781804480373,494.781804480373,494.781804480373,494.781804480373,494.781804480373,494.781804480373
"1991",NA,445,475.333333333333,506.048780487805,507.214953271028,509.543661971831,509.69020501139,506.603160667252,506.590713671539,506.483319076133,506.0365398956,506.135135135135,506.225577264654,504.322947576657,503.917483044461,503.486494421609,504.773112636254,504.763039078312,505.593937843714,505.039987471288,504.236012968659,503.91317497787,503.904960533915,503.452206101857,502.864416943793,502.409976033553,501.365549010055,501.405485962863,501.332315142485,500.900374264837,500.50313463689,500.52189244784,500.640382990707,500.602901371613,500.605733808675,500.413453098484,500.145835132878,500.051792828685,500.030999435347,500.003741553582,500.012762783502,499.97407427665,499.98147237252,499.986605319757,499.988800391443,499.998424897483,499.994084285365,500.003355613888,500.067038654375,500.091669805736,500.089000591366,500.10144966443,500.10144966443,500.10144966443,500.10144966443,500.10144966443,500.10144966443,500.10144966443,500.10144966443,500.10144966443,500.10144966443,500.10144966443,500.10144966443,500.10144966443,500.10144966443,500.10144966443,500.10144966443,500.10144966443,500.10144966443,500.10144966443,500.10144966443,500.10144966443,500.10144966443,500.10144966443,500.10144966443,500.10144966443,500.10144966443,500.10144966443,500.10144966443,500.10144966443,500.10144966443,500.10144966443,500.10144966443,500.10144966443,500.10144966443,500.10144966443,500.10144966443,500.10144966443,500.10144966443,500.10144966443
"1992",NA,NA,NA,527.333333333333,500.733333333333,512.744479495268,509.261829652997,508.953846153846,508.688140556369,507.607960199005,509.733950260266,506.424778761062,505.625139457047,504.271109673245,503.113890874434,502.634356813165,504.118252334969,504.332841691249,503.492648672372,503.453754300749,503.234022467667,503.09457910974,503.257601044917,502.683906537149,501.741971336648,501.061740451389,500.467592130231,500.021086742122,499.350911122572,498.87110013149,498.681163187997,498.759387506525,499.000498753117,499.113024481141,499.096739911856,499.226371741062,499.091459557162,499.018048268625,499.009886455556,498.906432748538,498.931175407943,498.896126760563,498.895425219941,498.841787122208,498.850124069479,498.86195882575,498.87218110579,498.890368050117,498.912960333787,498.924999276055,498.924999276055,498.922976690314,498.922976690314,498.922976690314,498.922976690314,498.922976690314,498.922976690314,498.922976690314,498.922976690314,498.922976690314,498.922976690314,498.922976690314,498.922976690314,498.922976690314,498.922976690314,498.922976690314,498.922976690314,498.922976690314,498.922976690314,498.922976690314,498.922976690314,498.922976690314,498.922976690314,498.922976690314,498.922976690314,498.922976690314,498.922976690314,498.922976690314,498.922976690314,498.922976690314,498.922976690314,498.922976690314,498.922976690314,498.922976690314,498.922976690314,498.922976690314,498.922976690314,498.922976690314,498.922976690314,498.922976690314
"1993",NA,NA,NA,NA,NA,NA,531.345454545455,525.612244897959,525.69806763285,524.192771084337,521.37972972973,522.106723585913,522.731818181818,522.389606741573,521.460508995173,521.810952738185,522.917969947869,522.364980983237,521.988618665389,521.039271726474,519.148742888603,518.547102277054,518.068887408394,517.85031209516,517.619955098418,517.779521957697,517.764783854278,517.532423749653,517.211575345042,517.210934136892,517.03203519747,516.804740941416,516.506479661525,516.470617579567,516.257723817984,516.201011128985,516.201011128985,516.185296914451,516.192419539291,516.188842180728,516.187656815145,516.168998993474,516.118258128839,516.118258128839,516.108305220883,516.107072912319,516.107072912319,516.107072912319,516.107157739526,516.105945634425,516.10277324633,516.10277324633,516.10277324633,516.10277324633,516.10277324633,516.10277324633,516.10277324633,516.10277324633,516.10277324633,516.10277324633,516.10277324633,516.10277324633,516.10277324633,516.10277324633,516.10277324633,516.10277324633,516.10277324633,516.10277324633,516.10277324633,516.10277324633,516.10277324633,516.10277324633,516.10277324633,516.10277324633,516.10277324633,516.10277324633,516.10277324633,516.10277324633,516.10277324633,516.10277324633,516.10277324633,516.10277324633,516.10277324633,516.10277324633,516.10277324633,516.10277324633,516.10277324633,516.10277324633,516.10277324633,516.10277324633
"1994",NA,NA,NA,NA,NA,NA,NA,NA,503.236842105263,502.626984126984,502.679536679537,498.049645390071,496.167309175019,498.842568617297,498.221177634834,500.349060081091,502.652960526316,502.551275377408,501.727521429874,500.033579583613,500.091307449302,499.826465318659,501.766990291262,501.105452082628,500.600826879404,501.176048620106,500.192770551279,500.054808231243,499.758731884058,499.429822207313,499.255435477683,499.59338638693,499.215666415881,498.927537417191,498.803593704382,498.757692796341,498.878204008286,498.841783979071,498.831902237487,498.753546757781,498.703042996181,498.667280404576,498.656271435571,498.652492310697,498.660588034521,498.643518631049,498.592839159485,498.597453832563,498.606744556559,498.607041165967,498.57990768787,498.57990768787,498.57990768787,498.57990768787,498.57990768787,498.57990768787,498.57990768787,498.57990768787,498.57990768787,498.57990768787,498.57990768787,498.57990768787,498.57990768787,498.57990768787,498.57990768787,498.57990768787,498.57990768787,498.57990768787,498.57990768787,498.57990768787,498.57990768787,498.57990768787,498.57990768787,498.57990768787,498.57990768787,498.57990768787,498.57990768787,498.57990768787,498.57990768787,498.57990768787,498.57990768787,498.57990768787,498.57990768787,498.57990768787,498.57990768787,498.57990768787,498.57990768787,498.57990768787,498.57990768787,498.57990768787
"1995",NA,NA,495.0625,520.078947368421,516.220338983051,517.819277108434,512.67731629393,514.746145940391,514.746145940391,518.086412734508,517.707170224412,515.390371991247,511.997409699237,510.505354974053,511.22903085615,511.030375474617,510.741891891892,510.453333333333,510.967531264474,510.103658276905,510.720452054277,510.53404993537,510.752075702076,510.770626696958,510.221564492772,510.371870765281,510.582619834154,510.430863514491,510.414521344084,510.254196882888,510.365105101627,510.645897674419,510.573215386289,510.613382965523,510.677373243318,510.627235724299,510.584675532981,510.548320233476,510.519182048498,510.477382334189,510.477339169348,510.406076228458,510.345169468262,510.341150835284,510.341150835284,510.348500733906,510.348550526129,510.348550526129,510.348550526129,510.348550526129,510.344544444623,510.344544444623,510.344544444623,510.342170924486,510.341844861708,510.341844861708,510.335675580068,510.328603339386,510.328603339386,510.321977545415,510.313815525407,510.307721927193,510.304844995429,510.301893447485,510.301893447485,510.291332147493,510.290077069747,510.290077069747,510.290077069747,510.290077069747,510.290077069747,510.290077069747,510.290077069747,510.290077069747,510.290077069747,510.290077069747,510.290077069747,510.290077069747,510.290077069747,510.290077069747,510.290077069747,510.290077069747,510.290077069747,510.290077069747,510.290077069747,510.290077069747,510.290077069747,510.290077069747,510.290077069747,510.290077069747
"1996",NA,NA,527.921052631579,525.614035087719,528.007246376812,524.188235294118,524.805394990366,524.88188976378,521.575313807531,520.488579940417,519.551227773074,520.827495042961,519.374379792512,517.539971448965,517.047763918467,515.33554309026,516.106551952349,515.231859727663,515.493439627969,515.518496420048,514.379305845511,513.823246641193,513.414127096622,512.855388230268,512.948314606742,512.675815686631,512.607133648474,512.497442974267,512.267350586772,511.877091618519,511.881905319382,511.691297903875,511.70761737248,511.741040310383,511.937134408948,512.008262886926,511.932313720533,511.940730922174,511.721775712671,511.707004377736,511.731827541025,511.732959151855,511.726117031221,511.741628283331,511.746096908627,511.753526816233,511.747127864373,511.748402704547,511.747425877683,511.747425877683,511.746573218384,511.746573218384,511.746573218384,511.746573218384,511.746573218384,511.746573218384,511.746573218384,511.746573218384,511.746573218384,511.746573218384,511.746573218384,511.749457364341,511.749457364341,511.749457364341,511.749457364341,511.749457364341,511.749457364341,511.749457364341,511.749457364341,511.749457364341,511.749457364341,511.749457364341,511.749457364341,511.749457364341,511.749457364341,511.749457364341,511.749457364341,511.749457364341,511.749457364341,511.749457364341,511.749457364341,511.749457364341,511.749457364341,511.749457364341,511.749457364341,511.749457364341,511.749457364341,511.749457364341,511.749457364341,511.749457364341
"1997",NA,NA,NA,512.772151898734,512.772151898734,511.273657289003,513.187010078387,513.187010078387,511.374902572097,512.893559322034,511.304036791007,510.240482472672,511.871540826785,512.138456652906,510.949089949881,510.026440508855,511.114544250717,512.469028123887,513.224439313984,513.145007451565,513.781876391982,513.578994845361,513.772399006996,513.971161417323,513.287226472158,512.760808926081,512.209258703481,511.864504881451,511.230542674521,510.701004728132,510.558577405858,510.309409649386,510.179431178412,509.976224509243,509.943602613884,509.7688813972,509.733802226466,509.594688485624,509.477330546974,509.401143423067,509.410561797753,509.42433354277,509.42433354277,509.416973011746,509.399023822318,509.411819971367,509.399955297273,509.370821075154,509.367616926503,509.359381957432,509.351744703578,509.351744703578,509.336312700107,509.331036628734,509.331036628734,509.331036628734,509.331036628734,509.331036628734,509.331036628734,509.331036628734,509.331036628734,509.331036628734,509.331036628734,509.331036628734,509.331036628734,509.331036628734,509.331036628734,509.331036628734,509.331036628734,509.331036628734,509.331036628734,509.331036628734,509.331036628734,509.331036628734,509.331036628734,509.331036628734,509.331036628734,509.331036628734,509.331036628734,509.331036628734,509.331036628734,509.331036628734,509.331036628734,509.331036628734,509.331036628734,509.331036628734,509.331036628734,509.331036628734,509.331036628734,509.331036628734
"1998",NA,NA,NA,513.869565217391,512.085106382979,510.375,510.375,510.375,510.201612903226,509.558704453441,505.968421052632,504.753390875462,503.341242937853,507.239004149378,503.98916967509,502.609541745135,502.368548876746,501.75965880582,502.556583929323,500.631273472175,500.128366013072,498.364606402255,497.188321410747,497.931648054976,497.631240783653,497.040779807873,496.829785422343,497.737056696669,497.195908509732,497.857973312194,497.604659902292,497.93840445269,498.257235659185,498.176531492666,498.571517589078,498.601199569966,498.578786679482,498.56496696595,498.605229052798,498.676100628931,498.672355715248,498.643186745983,498.580597179374,498.580597179374,498.592170465808,498.58732688503,498.628084219761,498.652481104173,498.677255330782,498.677255330782,498.677255330782,498.686652820289,498.686652820289,498.686652820289,498.686652820289,498.686652820289,498.686652820289,498.686652820289,498.686652820289,498.686652820289,498.686652820289,498.686652820289,498.686652820289,498.686652820289,498.686652820289,498.686652820289,498.686652820289,498.686652820289,498.686652820289,498.686652820289,498.686652820289,498.686652820289,498.686652820289,498.686652820289,498.686652820289,498.686652820289,498.686652820289,498.686652820289,498.686652820289,498.686652820289,498.686652820289,498.686652820289,498.686652820289,498.686652820289,498.686652820289,498.686652820289,498.686652820289,498.686652820289,498.686652820289,498.686652820289
"1999",NA,NA,560,525.5,525.5,525.5,525.5,525.5,525.5,513.911575562701,514.1744,521.434080717489,521.434080717489,516.698113207547,516.698113207547,513.023617153512,518.115100585689,514.37122718236,512.461482820976,511.525313124934,509.757711220384,509.738891013384,509.559264349761,509.046452559688,509.363746840366,509.058480301834,508.672342621259,508.747417467312,508.87387725829,508.665391473497,508.567039018743,509.155560655173,509.13985207683,509.023539429231,509.093634773247,509.552035128313,509.528798697889,509.523071679513,509.514259501966,509.526562091503,509.47530976914,509.47530976914,509.496606070063,509.496606070063,509.383406385352,509.266244998064,509.266244998064,509.04102629891,509.04102629891,509.04102629891,509.04102629891,509.04102629891,509.04102629891,509.04102629891,509.04102629891,509.04102629891,509.04102629891,509.04102629891,509.04102629891,509.04102629891,509.04102629891,509.04102629891,509.04102629891,509.04102629891,509.04102629891,509.04102629891,509.04102629891,509.04102629891,509.04102629891,509.04102629891,509.04102629891,509.04102629891,509.04102629891,509.04102629891,509.04102629891,509.04102629891,509.04102629891,509.04102629891,509.04102629891,509.04102629891,509.04102629891,509.04102629891,509.04102629891,509.04102629891,509.04102629891,509.04102629891,509.04102629891,509.04102629891,509.04102629891,509.04102629891
"2000",NA,NA,NA,NA,NA,NA,NA,515.134615384615,515.350318471338,515.518072289157,512.06103286385,507.487341772152,509.885860306644,511.051497005988,512.931363203051,513.000751879699,513.196114146934,511.689750692521,510.566512583462,508.346558704453,508.663914688682,508.428430079156,508.999404761905,508.324229313142,507.46748932131,507.083400068642,506.858408035425,507.456096835003,507.376979116076,508.177230988678,508.140663734506,507.798754083416,507.748020212686,508.021695668271,508.096508349599,508.266991319077,508.270333075136,508.420602350977,508.415147945395,508.415147945395,508.409213716661,508.407217565976,508.399293775531,508.395860732332,508.395860732332,508.375596266851,508.342863061943,508.350665471347,508.350665471347,508.350665471347,508.350665471347,508.350665471347,508.350665471347,508.350665471347,508.350665471347,508.350665471347,508.350665471347,508.350665471347,508.350665471347,508.350665471347,508.350665471347,508.350665471347,508.350665471347,508.350665471347,508.350665471347,508.350665471347,508.350665471347,508.350665471347,508.350665471347,508.350665471347,508.350665471347,508.350665471347,508.350665471347,508.350665471347,508.350665471347,508.350665471347,508.350665471347,508.350665471347,508.350665471347,508.350665471347,508.350665471347,508.350665471347,508.350665471347,508.350665471347,508.350665471347,508.350665471347,508.350665471347,508.350665471347,508.350665471347,508.350665471347
"2001",NA,NA,NA,NA,499.733333333333,501.833333333333,506.241935483871,506.662921348315,517.7,517.703910614525,518.106796116505,517.076576576577,516.16501650165,514.177111716621,514.860465116279,515.756916996047,516.283993115318,516.369631901841,516.119946091644,516.011890606421,516.101075268817,515.86358974359,515.991631799163,515.345516201959,515.08650843223,514.093016912166,514.538770685579,514.800295857988,514.732963875205,513.86813393529,513.606478167502,513.108562423393,512.734477536598,512.58716968589,512.596685998343,512.594303692664,512.587816586658,512.554601024285,512.581587196832,512.505188601548,512.506172839506,512.499259746669,512.499425947187,512.502536409753,512.505478331971,512.505478331971,512.494850416871,512.494850416871,512.494850416871,512.494850416871,512.494850416871,512.494850416871,512.494850416871,512.494850416871,512.494850416871,512.494850416871,512.494850416871,512.494850416871,512.494850416871,512.494850416871,512.494850416871,512.494850416871,512.494850416871,512.494850416871,512.494850416871,512.494850416871,512.494850416871,512.494850416871,512.494850416871,512.494850416871,512.494850416871,512.494850416871,512.494850416871,512.494850416871,512.494850416871,512.494850416871,512.494850416871,512.494850416871,512.494850416871,512.494850416871,512.494850416871,512.494850416871,512.494850416871,512.494850416871,512.494850416871,512.494850416871,512.494850416871,512.494850416871,512.494850416871,512.494850416871
"2002",NA,NA,383,383,507.235294117647,510.428571428571,507.333333333333,503.035087719298,512.044,515.522222222222,516.574324324324,515.295774647887,514.826182618262,514.172281776417,508.604662004662,506.175969725639,503.746413752223,503.063966729379,503.725587037518,504.543486604744,504.308822581685,504.300017879492,504.486851379927,503.889078412682,504.946843393525,504.473889659958,504.460346399271,505.013321839981,505.447437238494,505.814764084634,505.743586211646,505.696422487223,505.404691124106,505.423732107002,505.418925452026,505.412033315111,505.425036156195,505.432629115507,505.429843384684,505.454434955059,505.432350886108,505.425292100584,505.437000126952,505.439744891484,505.439744891484,505.441516016492,505.44558944765,505.449730586371,505.44780707314,505.44780707314,505.44780707314,505.44780707314,505.44780707314,505.44780707314,505.44780707314,505.44780707314,505.44780707314,505.44780707314,505.44780707314,505.44780707314,505.44780707314,505.44780707314,505.44780707314,505.44780707314,505.44780707314,505.44780707314,505.44780707314,505.44780707314,505.44780707314,505.44780707314,505.44780707314,505.44780707314,505.44780707314,505.44780707314,505.44780707314,505.44780707314,505.44780707314,505.44780707314,505.44780707314,505.44780707314,505.44780707314,505.44780707314,505.44780707314,505.44780707314,505.44780707314,505.44780707314,505.44780707314,505.44780707314,505.44780707314,505.44780707314
"2003",521.666245259166,521.666245259166,521.666245259166,520.809005083515,520.54453294714,519.947578347578,519.790709545687,519.473684210526,515.433313748531,515.110554163186,511.388688327316,509.787592852841,510.237336947315,509.598622015703,509.42803276557,509.703850062098,510.398359521692,510.655944439368,510.607531955048,512.210403492924,512.067093341004,512.884444743211,513.349956310074,514.445645954915,515.058465806039,515.669502189561,515.94287631188,516.105302639599,516.502728731942,516.261245983577,516.289555863983,516.41699318569,516.692282102462,516.763433759802,516.762683989803,516.757347523537,516.759463657918,516.783389083789,516.794295028525,516.895604841986,516.912249370891,516.92825839961,516.923732251521,516.934338521401,516.934338521401,516.934338521401,516.931269249473,516.913374352332,516.913374352332,516.913374352332,516.913374352332,516.913374352332,516.913374352332,516.913374352332,516.955777116668,516.955777116668,516.955777116668,516.955777116668,516.955777116668,516.955777116668,516.955777116668,516.955777116668,516.955777116668,516.955777116668,516.955777116668,516.955777116668,516.955777116668,516.955777116668,516.955777116668,516.955777116668,516.955777116668,516.955777116668,516.955777116668,516.955777116668,516.955777116668,516.955777116668,516.955777116668,516.955777116668,516.955777116668,516.955777116668,516.955777116668,516.955777116668,516.955777116668,516.955777116668,516.955777116668,517.00487142629,517.00487142629,517.00487142629,517.00487142629,517.00487142629
"2004",NA,NA,428,428,428,425.333333333333,479.12077294686,503.142634450507,499.279039584685,499.268568033274,501.525127226463,501.440953909654,505.702795933188,506.772854094863,507.639317929075,507.53539181808,508.946812320917,509.125806451613,509.522405029427,509.788298320592,509.664190444032,510.207374400157,510.00883755728,510.021794115167,509.684807083158,510.209544626594,510.481184680624,511.413403990025,512.083793052035,512.607207681949,513.292018080591,513.515597920277,513.368221812973,513.555549938067,513.385144085377,513.35991347158,513.312554112554,513.282918324247,513.199138623257,513.202587674498,513.24236983842,513.24490043416,513.24490043416,513.279568331398,513.279501753537,513.292177191329,513.302166614333,513.317618944167,513.319500373755,513.320723327306,513.320723327306,513.320723327306,513.320723327306,513.320723327306,513.320723327306,513.320723327306,513.320723327306,513.320723327306,513.320723327306,513.320723327306,513.320723327306,513.320723327306,513.320723327306,513.320723327306,513.320723327306,513.320723327306,513.320723327306,513.320723327306,513.320723327306,513.320723327306,513.320723327306,513.320723327306,513.320723327306,513.320723327306,513.320723327306,513.320723327306,513.320723327306,513.320723327306,513.320723327306,513.320723327306,513.320723327306,513.320723327306,513.320723327306,513.320723327306,513.320723327306,513.320723327306,513.320723327306,512.873170965347,512.873170965347,512.392179728218
"2005",502.413043478261,498.458333333333,493.22641509434,509.181395348837,509.152424942263,518.869918699187,515.53717754173,512.499344692005,512.659268929504,510.903755868545,506.601976639712,502.810892586989,501.957142857143,506.246040126716,509.172604908947,508.301032301032,506.455825864277,507.342403134523,507.206387709723,506.425896762905,506.991111804148,507.801274061764,507.356164383562,507.399723374827,507.012989872303,507.318024086548,507.397845249755,507.056894977169,507.399792853444,507.355685874554,507.884175138077,507.924611088951,507.845977917981,507.85634357762,507.878050700677,507.746342214693,508.048096494534,508.064474872104,508.064474872104,508.057368421053,508.057368421053,508.057368421053,508.104438446544,508.190593321407,508.415535556211,508.541984173505,508.580265848671,508.580265848671,508.580265848671,508.637019230769,508.660828488372,508.682088901801,508.682088901801,508.682088901801,508.682088901801,508.682088901801,508.682088901801,508.682088901801,508.682088901801,508.682088901801,508.682088901801,508.682088901801,508.682088901801,508.682088901801,508.682088901801,508.682088901801,508.682088901801,508.682088901801,508.682088901801,508.682088901801,508.682088901801,508.682088901801,508.682088901801,508.682088901801,508.682088901801,508.682088901801,508.682088901801,508.682088901801,508.682088901801,508.682088901801,508.682088901801,508.682088901801,508.682088901801,508.682088901801,508.682088901801,508.682088901801,508.682088901801,508.682088901801,508.682088901801,508.682088901801
"2006",NA,NA,NA,NA,420,487.5,461.058823529412,490.479166666667,496.241706161137,498.312741312741,481.811813186813,479.957419354839,476.420454545455,477.437890137328,476.781684981685,477.627278441232,478.526958105647,478.874530663329,478.871855345912,479.48261638185,480.732642805866,480.790087463557,482.079599105442,483.162135329158,484.271146681385,485.371690427699,485.931989924433,486.875500027399,487.425264318284,488.041039671683,488.593083700441,489.689642105263,490.575319599381,491.746474979265,492.641346486009,493.450491195551,493.639693841225,493.808747220163,493.967954330543,494.026840249904,494.029927185312,494.038406629757,494.238829073647,494.243544338617,494.243544338617,494.243544338617,494.266618571576,494.275787597271,494.285239839764,494.288911669229,494.288911669229,494.291423500904,494.291423500904,494.291423500904,494.291423500904,494.291423500904,494.291423500904,494.291423500904,494.291423500904,494.291423500904,494.291423500904,494.291423500904,494.291423500904,494.291423500904,494.291423500904,494.291423500904,494.291423500904,494.291423500904,494.291423500904,494.291423500904,494.291423500904,494.291423500904,494.291423500904,494.291423500904,494.291423500904,494.291423500904,494.291423500904,494.291423500904,494.291423500904,494.291423500904,494.291423500904,494.291423500904,494.291423500904,494.291423500904,494.291423500904,494.291423500904,494.291423500904,494.291423500904,494.291423500904,494.291423500904
"2007",NA,NA,NA,NA,NA,520.5,517.996923076923,515.315169366716,513.355623100304,506.18328358209,505.855689176688,506.37230989957,505.529941860465,499.665961049958,497.433824868014,495.838873914346,495.360751459761,495.64444907311,496.887574978578,496.842344423906,496.766355140187,497.897032258065,498.95844277126,499.615011851462,499.921697267192,500.082379349046,500.284082381389,500.613975576662,500.948518935133,501.468753342127,501.618710878024,501.854602545034,502.25060233223,502.426745979291,502.620980757294,502.786798295367,502.946071158213,502.990685577766,502.991066847744,503.032180378699,503.099408213282,503.194720745865,503.210866791299,503.234212321656,503.242400877791,503.242400877791,503.269345899647,503.290700085918,503.297716029268,503.30176831255,503.30176831255,503.30176831255,503.30176831255,503.30176831255,503.30176831255,503.30176831255,503.30176831255,503.30176831255,503.30176831255,503.30176831255,503.30176831255,503.30176831255,503.30176831255,503.30176831255,503.30176831255,503.30176831255,503.30176831255,503.30176831255,503.30176831255,503.30176831255,503.30176831255,503.30176831255,503.30176831255,503.30176831255,503.30176831255,503.30176831255,503.30176831255,503.30176831255,503.30176831255,503.30176831255,503.30176831255,503.30176831255,503.30176831255,503.30176831255,503.30176831255,503.30176831255,503.30176831255,503.30176831255,503.30176831255,503.30176831255
"2008",NA,NA,NA,NA,537.5,540,530,488.058479532164,487.650887573964,482.25,487.735148514851,486.453333333333,490.234109502832,491.623849693252,492.720723684211,493.439414114514,492.883168316832,491.817481203008,492.588990531215,491.830562153603,491.597604929659,492.128468974119,492.573880880121,493.166681090437,493.628955566486,492.998468926161,493.152275077559,493.342905202451,493.705852645755,493.602452984464,493.633006435795,494.358403683807,494.689936411391,495.235241221168,495.474571862129,495.287491814014,495.474933505279,495.656823623304,495.850667825812,495.938984519636,495.981298864574,496.02152181583,496.02152181583,496.025986751852,496.025986751852,496.131391131391,496.127861181517,496.136574525323,496.136574525323,496.153831171361,496.153831171361,496.153831171361,496.153831171361,496.153831171361,496.153831171361,496.153831171361,496.153831171361,496.153831171361,496.153831171361,496.153831171361,496.153831171361,496.153831171361,496.153831171361,496.153831171361,496.153831171361,496.153831171361,496.153831171361,496.153831171361,496.153831171361,496.153831171361,496.153831171361,496.153831171361,496.153831171361,496.153831171361,496.153831171361,496.153831171361,496.153831171361,496.153831171361,496.153831171361,496.153831171361,496.153831171361,496.153831171361,496.153831171361,496.153831171361,496.153831171361,496.153831171361,496.153831171361,496.153831171361,496.153831171361,496.153831171361
"2009",499.272727272727,499.272727272727,491.692307692308,506.8,505.235602094241,505.92798690671,507.870014771049,509.084393063584,512.631578947368,514.49063670412,514.190060076461,512.00789293068,511.050067658999,510.394175986495,508.981175128351,509.468274302939,509.010349796934,509.718778696051,508.755302953415,509.479624954922,509.400533835767,509.398062495448,508.769160643355,508.841680226602,508.786353656477,508.782945330892,508.604035677731,508.51334984861,508.273120629371,508.211855927964,508.25540197013,508.208278732753,508.457904932201,508.275041949369,508.253758865248,508.261023176936,508.295696273861,508.295696273861,508.520158625248,508.591270254328,508.619374285417,508.649659275658,508.662531531843,508.672340572455,508.698458142182,508.693872625082,508.693872625082,508.711156270451,508.722518676628,508.731104001101,508.73156899811,508.73156899811,508.73156899811,508.73156899811,508.73156899811,508.73156899811,508.73156899811,508.73156899811,508.73156899811,508.73156899811,508.73156899811,508.73156899811,508.73156899811,508.73156899811,508.73156899811,508.73156899811,508.73156899811,508.73156899811,508.73156899811,508.73156899811,508.73156899811,508.73156899811,508.73156899811,508.73156899811,508.73156899811,508.73156899811,508.73156899811,508.73156899811,508.73156899811,508.73156899811,508.73156899811,508.73156899811,508.73156899811,508.73156899811,508.73156899811,508.73156899811,508.73156899811,508.73156899811,508.734836248668,508.734836248668
"2010",410,410,410,415,492.036585365854,496.352331606218,496.352331606218,493.171428571429,498.131182795699,498.310536044362,498.255841121495,499.364423076923,495.878267363704,493.994066882416,493.120603975535,492.062019309442,492.105626183392,492.561017155372,492.54399152991,493.025724368499,492.939332143768,492.844648592128,492.77440044618,492.719451846212,492.968222673239,493.062279547249,493.105309778062,493.319022426144,493.557034467808,493.797402703475,494.265640075644,494.44620102961,494.477255645825,494.458176155044,494.575935486048,494.548179224702,494.560459431403,494.558314648104,494.722818323755,494.777520124557,494.754157437101,494.801074382889,494.806727949656,494.870343016576,494.940152232857,495.019258921891,495.045627129645,495.049349891378,495.051586144325,495.0524048583,495.0524048583,495.0524048583,495.06639299221,495.06639299221,495.06639299221,495.06639299221,495.06639299221,495.06639299221,495.06639299221,495.06639299221,495.06639299221,495.06639299221,495.06639299221,495.06639299221,495.06639299221,495.06639299221,495.06639299221,495.06639299221,495.06639299221,495.06639299221,495.06639299221,495.06639299221,495.06639299221,495.06639299221,495.06639299221,495.06639299221,495.06639299221,495.06639299221,495.06639299221,495.06639299221,495.06639299221,495.06639299221,495.06639299221,495.06639299221,495.06639299221,495.06639299221,495.06639299221,495.06639299221,495.06639299221,495.06639299221
"2011",535,535,535,544.75,524.741379310345,523.3125,522.890173410405,516.308695652174,512.717439293598,511.285483870968,509.649402390438,509.75012345679,508.863728265265,508.404822798685,505.834015834016,502.86244871518,503.504939422181,502.561593625498,502.328865295289,502.553725670851,500.845163222522,500.81730687335,500.624795193883,499.704700319844,500.237485061745,500.739116517286,500.303197957198,500.641602698302,500.353388809811,500.321514110174,500.699969951923,500.717126701169,500.889348452458,500.951438362341,501.137501109238,501.280262347038,501.2928018984,501.305770244159,501.399536186226,501.425980949052,501.4304864204,501.506523440898,501.601133806474,501.699888258553,501.734395123208,501.734395123208,501.734395123208,501.726707275223,501.723689853332,501.768957852441,501.772191371209,501.772191371209,501.772191371209,501.772191371209,501.772191371209,501.772191371209,501.772191371209,501.772191371209,501.772191371209,501.772191371209,501.772191371209,501.772191371209,501.772191371209,501.772191371209,501.772191371209,501.772191371209,501.772191371209,501.772191371209,501.772191371209,501.772191371209,501.772191371209,501.772191371209,501.772191371209,501.772191371209,501.772191371209,501.772191371209,501.772191371209,501.772191371209,501.772191371209,501.772191371209,501.772191371209,501.772191371209,501.772191371209,501.772191371209,501.772191371209,501.772191371209,501.772191371209,501.772191371209,501.772191371209,501.772191371209
"2012",NA,NA,NA,NA,NA,460,460,493.333333333333,505,508.814814814815,514.350785340314,514.878172588833,508.982832618026,503.709583736689,504.3515704154,503.601494075219,503.56669671023,503.242917978152,504.278705636743,503.518197361993,503.308960270499,502.912940507768,503.107736156352,502.953918425173,502.426659804426,501.961352368437,501.248925672449,500.845285491105,501.086929657795,500.845482104882,500.724079614934,500.445424615904,500.676038775592,500.75635373941,500.670708643898,500.656391167648,500.53020653742,500.529813205755,500.529448996097,500.463783859551,500.46646117202,500.507496434411,500.523673880571,500.549410666759,500.596971261401,500.599022678,500.611185636157,500.609814605394,500.609814605394,500.615067044253,500.615067044253,500.615067044253,500.615067044253,500.615067044253,500.615067044253,500.615067044253,500.615067044253,500.615067044253,500.615067044253,500.615067044253,500.615067044253,500.615067044253,500.615067044253,500.615067044253,500.615067044253,500.615067044253,500.615067044253,500.615067044253,500.615067044253,500.615067044253,500.615067044253,500.615067044253,500.615067044253,500.615067044253,500.615067044253,500.615067044253,500.615067044253,500.615067044253,500.615067044253,500.615067044253,500.615067044253,500.615067044253,500.615067044253,500.615067044253,500.615067044253,500.615067044253,500.615067044253,500.615067044253,500.615067044253,500.615067044253
"2013",NA,NA,NA,NA,510.586206896552,502.631313131313,499.944297082228,503.148221343874,503.436005625879,500.916831683168,501.443815683104,501.453227931489,500.5228398459,499.347196261682,500.059422059422,499.428936792108,500.105388813097,500.279610430412,500.639142857143,500.796323237667,500.393484316338,500.18153491056,499.6784184514,499.477072766794,498.242017451338,498.837416481069,499.668709623985,499.794900487571,499.555319954563,500.14696156955,499.937596518321,499.989332415692,500.282847939874,500.36017287234,500.325401546698,500.317875989446,500.331334036383,500.331334036383,500.395188778186,500.462827703143,500.465775749674,500.485928338762,500.485928338762,500.496352741957,500.504066627627,500.580630601586,500.596528447445,500.589282296651,500.629869717191,500.629869717191,500.638869482375,500.638869482375,500.638869482375,500.638869482375,500.638869482375,500.638869482375,500.638869482375,500.638869482375,500.638869482375,500.638869482375,500.638869482375,500.638869482375,500.638869482375,500.638869482375,500.638869482375,500.638869482375,500.638869482375,500.638869482375,500.638869482375,500.638869482375,500.638869482375,500.638869482375,500.638869482375,500.638869482375,500.638869482375,500.638869482375,500.638869482375,500.638869482375,500.638869482375,500.638869482375,500.638869482375,500.638869482375,500.638869482375,500.638869482375,500.638869482375,500.638869482375,500.638869482375,500.638869482375,500.638869482375,500.638869482375
"2014",451.5,444.857142857143,450.2,456.666666666667,501.739726027397,501.078947368421,479.530386740331,480.480952380952,479.076013513513,477.33064516129,482.63124387855,486.688797894121,488.584905660377,490.745366284201,490.409461663948,491.026160074743,491.01030839275,491.700935241604,493.193992104614,493.52552370452,494.204214520098,494.555992980126,495.63405987395,495.58056670315,495.867176265799,496.303152104929,496.577951296983,496.557541687721,496.814568729046,497.032406736427,497.096974035629,497.065171819026,496.950047245703,497.034246058686,497.000600946491,497.035867036842,497.00079922076,497.020835929517,497.044202195177,497.084250813927,497.130427244582,497.145780240988,497.173087853701,497.190800681431,497.205211646081,497.225060917079,497.233125815104,497.284571400525,497.287067252251,497.287067252251,497.287067252251,497.287067252251,497.287067252251,497.287067252251,497.287067252251,497.287067252251,497.287067252251,497.287067252251,497.287067252251,497.287067252251,497.287067252251,497.287067252251,497.287067252251,497.287067252251,497.287067252251,497.287067252251,497.287067252251,497.287067252251,497.287067252251,497.287067252251,497.287067252251,497.287067252251,497.287067252251,497.287067252251,497.287067252251,497.287067252251,497.287067252251,497.287067252251,497.287067252251,497.287067252251,497.287067252251,497.287067252251,497.287067252251,497.287067252251,497.287067252251,497.287067252251,497.287067252251,497.287067252251,497.287067252251,497.287067252251
"2015",468.855855855856,463.206489675516,463.357771260997,464.318801089918,466.925925925926,474.922737306843,477.495804195804,477.133149171271,476.297570850202,476.820962199313,478.166615992703,477.54998759613,478.232436939754,478.154768492898,479.199689199689,479.41568088033,478.945862519292,480.316785603475,480.230016313214,480.834742438769,483.088273740869,483.872107274169,484.53906511971,485.535287192515,485.815171583384,486.434336354078,486.587011320409,486.546074212925,487.395561095251,487.735800052697,488.061279826464,488.27681576847,488.841903043667,489.326177218449,489.480180460485,489.314358564758,489.256858834905,489.25198723353,489.181869874903,489.098658036934,489.042490993917,489.042183256583,488.987098859763,488.966729092292,488.979238451206,488.979238451206,488.988800325809,489.002413351942,489.01286668603,489.035871708619,489.075053465118,489.10189669088,489.140039051284,489.140039051284,489.140039051284,489.140039051284,489.140039051284,489.140039051284,489.140039051284,489.140039051284,489.140039051284,489.140039051284,489.140039051284,489.140039051284,489.140039051284,489.140039051284,489.140039051284,489.140039051284,489.140039051284,489.140039051284,489.140039051284,489.140039051284,489.140039051284,489.140039051284,489.140039051284,489.140039051284,489.140039051284,489.140039051284,489.140039051284,489.140039051284,489.140039051284,489.140039051284,489.140039051284,489.140039051284,489.140039051284,489.140039051284,489.140039051284,489.140039051284,489.140039051284,489.140039051284
"2016",445.428571428571,446.9,446.324324324324,451.183673469388,450.245614035088,452.864864864865,463.576,469.988764044944,479.447721179625,488.427215189873,491.15873015873,493.439226519337,494.277041172366,495.031139835488,495.680066079295,494.03743315508,493.846753246753,494.223708658491,493.442167878387,492.740781813141,492.636219401632,493.004394726328,493.375925925926,493.32861611798,493.659482192141,494.167631452002,494.981865284974,495.181333074609,495.266497691681,495.742639130795,496.357920946156,496.454969177567,497.102481197723,497.299372935068,497.50998346687,497.870241581259,497.709143268539,497.659212932916,497.576952369793,497.526742490522,497.531825600373,497.525546169531,497.522699529152,497.51463852977,497.537331559771,497.552172405824,497.570137049407,497.573968582772,497.57222573779,497.573992316954,497.589774418871,497.599588618444,497.605946684894,497.604052823315,497.604052823315,497.604052823315,497.604052823315,497.604052823315,497.604052823315,497.604052823315,497.604052823315,497.604052823315,497.604052823315,497.604052823315,497.604052823315,497.604052823315,497.604052823315,497.604052823315,497.604052823315,497.604052823315,497.604052823315,497.604052823315,497.604052823315,497.604052823315,497.604052823315,497.604052823315,497.604052823315,497.604052823315,497.604052823315,497.604052823315,497.604052823315,497.604052823315,497.604052823315,497.604052823315,497.604052823315,497.604052823315,497.604052823315,497.604052823315,497.604052823315,497.604052823315
"2017",539.5,521.666666666667,510.988826815642,511.448453608247,512.320512820513,499.24942791762,503.178571428571,507.245128205128,509.290934645116,509.523830538394,509.987297921478,510.051388888889,510.757733448974,511.375491996851,511.128698919681,511.183388704319,510.771640891745,509.967642246864,508.942028985507,508.493371212121,507.325097880383,507.332652325442,507.831511043079,507.844926549275,507.821684094662,507.380657213212,507.189237598318,507.107915209478,506.97583497053,506.877813307096,506.748010151113,506.613072040975,506.915059149526,506.74604075316,506.506637498136,506.377883343944,506.360980344577,506.300844798455,506.29836964363,506.282696370271,506.27978880274,506.206348457693,506.248781173823,506.24413321467,506.243840749415,506.240037461953,506.24097570111,506.240333302125,506.253325890781,506.237234732648,506.23892207251,506.237766770057,506.233546237156,506.229210051367,506.229210051367,506.229210051367,506.229210051367,506.229210051367,506.229210051367,506.229210051367,506.229210051367,506.229210051367,506.229210051367,506.229210051367,506.229210051367,506.229210051367,506.229210051367,506.229210051367,506.229210051367,506.229210051367,506.229210051367,506.229210051367,506.229210051367,506.229210051367,506.229210051367,506.229210051367,506.229210051367,506.229210051367,506.229210051367,506.229210051367,506.229210051367,506.229210051367,506.229210051367,506.229210051367,506.229210051367,506.229210051367,506.229210051367,506.229210051367,506.229210051367,506.229210051367
"2018",432,429.285714285714,431.8,435.533333333333,441.631578947368,440.727272727273,454.423076923077,468.934482758621,473.470394736842,471.978284473399,477.779766001376,476.753517163759,475.993724787091,477.244357976654,476.306729264476,476.941014332966,476.523109741645,478.276811007689,478.627613554434,479.218577511434,479.595442820292,479.332507739938,478.50630733945,478.434879053554,478.775551102204,478.578613973717,479.008378378378,479.446086664427,479.665203861805,479.747297603749,480.641454181844,481.167752226505,481.935205047319,482.549099498081,482.894189120774,483.022652298219,483.251456362567,483.299215087183,483.360873398683,483.35956379275,483.300070380052,483.322481942215,483.437101792858,483.458060062133,483.461542251786,483.460204885737,483.481310249852,483.495674825519,483.517603216632,483.542664121016,483.542664121016,483.564305616659,483.564305616659,483.589882433289,483.597514619883,483.60209449586,483.60209449586,483.60209449586,483.60209449586,483.60209449586,483.60209449586,483.60209449586,483.60209449586,483.60209449586,483.60209449586,483.60209449586,483.60209449586,483.60209449586,483.60209449586,483.60209449586,483.60209449586,483.60209449586,483.60209449586,483.60209449586,483.60209449586,483.60209449586,483.60209449586,483.60209449586,483.60209449586,483.60209449586,483.60209449586,483.60209449586,483.60209449586,483.60209449586,483.60209449586,483.60209449586,483.60209449586,483.60209449586,483.60209449586,483.60209449586
"2019",469.133333333333,465.45,466.041666666667,463.666666666667,464.621621621622,465.808510638298,480.618644067797,480.414985590778,487.428571428571,488.824404761905,486.307177615572,481.443245576176,482.068120805369,481.067346938776,481.429554140127,480.575920934411,480.650706436421,481.276701525801,481.800030978934,481.818245417658,482.462129950019,482.973964790479,483.420077307867,482.924025077038,483.551858717924,484.076214108472,484.160203587009,484.484351375869,484.84801207851,484.860576266557,485.268795525494,485.238974675726,485.731491321289,485.85671005386,485.81210599423,486.017214158391,486.269741404934,486.640351729499,486.871789967003,487.029717115916,487.277712347482,487.384341969881,487.431316759177,487.46835266173,487.472050267629,487.484023778562,487.520842027171,487.581289904691,487.605311778291,487.64259694748,487.64259694748,487.642244954382,487.657019279437,487.674720933437,487.673722393131,487.673722393131,487.673722393131,487.673722393131,487.673722393131,487.673722393131,487.673722393131,487.673722393131,487.673722393131,487.673722393131,487.673722393131,487.673722393131,487.673722393131,487.673722393131,487.673722393131,487.673722393131,487.673722393131,487.673722393131,487.673722393131,487.673722393131,487.673722393131,487.673722393131,487.673722393131,487.673722393131,487.673722393131,487.673722393131,487.673722393131,487.673722393131,487.673722393131,487.673722393131,487.673722393131,487.673722393131,487.673722393131,487.673722393131,487.673722393131,487.673722393131
"2020",411.545454545455,410.5,411.933333333333,422.620689655172,426.666666666667,446.016666666667,447.392405063291,446.83908045977,447.78431372549,452.747826086957,460.783439490446,465.940170940171,466.496710526316,467.07572815534,467.275039745628,466.288118811881,468.015450643777,468.72218476062,469.813705583756,470.289927404719,470.560985797828,469.059368565546,470.326234269119,471.749226006192,472.555904370925,472.965153796515,473.647451803779,474.20884273991,474.550715808712,474.636806910003,475.146224024328,475.573217080259,476.054721701063,476.021787763836,476.165574367377,476.437840689291,476.526473099915,476.738365400428,476.796118088403,476.711146624051,476.703522736228,476.902762603403,476.851548621302,476.862492279185,476.93539476713,477.112295393986,477.160297804452,477.160297804452,477.170169182915,477.170169182915,477.182417582418,477.280235542805,477.306294760648,477.42547445803,477.489563851276,477.503215193659,477.535546437896,477.535546437896,477.535546437896,477.535546437896,477.535546437896,477.535546437896,477.535546437896,477.535546437896,477.535546437896,477.535546437896,477.535546437896,477.535546437896,477.535546437896,477.535546437896,477.535546437896,477.535546437896,477.535546437896,477.535546437896,477.535546437896,477.535546437896,477.535546437896,477.535546437896,477.535546437896,477.535546437896,477.535546437896,477.535546437896,477.535546437896,477.535546437896,477.535546437896,477.535546437896,477.535546437896,477.535546437896,477.535546437896,477.535546437896
"2021",470.491666666667,472.678571428571,477.038338658147,477.836228287841,477.702127659574,478.515239477504,477.809756097561,476.627760252366,477.529568106312,478.4,478.993083003953,478.709103592606,479.965472816284,479.682305358948,478.728023312288,478.312682215743,478.795172689692,478.833333333333,478.607122143603,479.128571428571,478.814486664231,479.173084920569,479.364519112207,479.739236160778,479.956566501512,479.841422568662,479.668990343409,479.590296351771,479.700806858295,479.35981042654,479.361152860048,479.012949215455,479.197259607589,479.266804752228,479.265033494314,479.274490111248,479.243825376642,479.171022554099,479.232413379331,479.313019184206,479.312078662148,479.345225252037,479.356386732534,479.498356417359,479.538936686521,479.543066068935,479.542605180966,479.547702141729,479.557228362648,479.668773519418,479.668773519418,479.713385310405,479.754293598635,479.755282073622,479.755282073622,479.755282073622,479.755282073622,479.755282073622,479.755282073622,479.755282073622,479.755282073622,479.755282073622,479.755282073622,479.755282073622,479.755282073622,479.755282073622,479.755282073622,479.755282073622,479.755282073622,479.755282073622,479.755282073622,479.755282073622,479.755282073622,479.755282073622,479.755282073622,479.755282073622,479.755282073622,479.755282073622,479.755282073622,479.755282073622,479.755282073622,479.755282073622,479.755282073622,479.755282073622,479.755282073622,479.755282073622,479.755282073622,479.755282073622,479.755282073622,479.755282073622
"2022",482.051724137931,480.894736842105,482.126168224299,485.451178451178,484.653179190751,483.203539823009,483.232604373757,483.936962750716,476.996460176991,476.693076374019,477.291951604419,476.534348004936,475.498080279232,476.30580682813,476.192167355874,476.44341850977,476.655894673848,477.022152482924,477.678121420389,478.036434331797,478.429331205957,479.274436963083,479.659262501368,480.282185177747,480.851479514416,481.10403960046,481.886763142834,482.604562155542,482.86592379583,483.291760838299,483.437512160322,483.701322533696,483.913321841911,483.922236655645,484.062707213902,484.323679822123,484.523646071701,484.539313699,484.567396096564,484.567396096564,484.567396096564,484.572756582483,484.573899962392,484.594504668885,484.590431237932,484.616615812858,484.651969680794,484.660184346529,484.662351499654,484.662351499654,484.664287616511,484.664287616511,484.667341178977,484.667341178977,484.667341178977,484.667341178977,484.667341178977,484.667341178977,484.667341178977,484.667341178977,484.667341178977,484.667341178977,484.667341178977,484.667341178977,484.667341178977,484.667341178977,484.667341178977,484.667341178977,484.667341178977,484.667341178977,484.667341178977,484.667341178977,484.667341178977,484.667341178977,484.667341178977,484.667341178977,484.667341178977,484.667341178977,484.667341178977,484.667341178977,484.667341178977,484.667341178977,484.667341178977,484.667341178977,484.667341178977,484.667341178977,484.667341178977,484.667341178977,484.667341178977,484.667341178977
"2023",467.818181818182,467.638888888889,464.259259259259,467.144927536232,472.329896907216,474.56050955414,473.561403508772,475.84668989547,477.092537313433,478.758700696056,481.805454545455,483.513097072419,485.634708737864,484.96038647343,485.36192109777,484.065989847716,484.960248447205,485.151354221986,485.700952380952,484.007328990228,483.620767494357,484.410714285714,484.624100156495,485.00520984081,485.219815917704,485.232244686366,485.853077110192,485.862683201804,486.062009094667,486.009463113171,485.502778275677,485.487392055268,485.8217623498,485.697374626631,485.734733978235,486.094134897361,486.15912704148,486.288126055149,486.403636363636,486.408134837721,486.446512920256,486.405629139073,486.433213990636,486.487242798354,486.518062397373,486.542252559727,486.542252559727,486.586033215355,486.630414120842,486.657367280607,486.704809510943,486.704809510943,486.704809510943,486.704809510943,486.710426796326,486.710426796326,486.710426796326,486.710426796326,486.710426796326,486.710426796326,486.710426796326,486.710426796326,486.710426796326,486.710426796326,486.710426796326,486.710426796326,486.710426796326,486.710426796326,486.710426796326,486.710426796326,486.710426796326,486.710426796326,486.710426796326,486.710426796326,486.710426796326,486.710426796326,486.710426796326,486.710426796326,486.710426796326,486.710426796326,486.710426796326,486.710426796326,486.710426796326,486.710426796326,486.710426796326,486.710426796326,486.710426796326,486.710426796326,486.710426796326,486.710426796326
